{
  "phase1": {
    "accuracy": [
      0.781345546245575,
      0.9036697149276733,
      0.9212538003921509,
      0.9267966151237488,
      0.9348241686820984,
      0.9373088479042053,
      0.9365443587303162,
      0.944571852684021,
      0.9485856294631958,
      0.9478210806846619,
      0.9472476840019226,
      0.9449541568756104,
      0.9483944773674011,
      0.9524082541465759,
      0.9514526128768921,
      0.9568042755126953,
      0.96100914478302,
      0.9615825414657593,
      0.9654052257537842,
      0.9598624110221863
    ],
    "loss": [
      1.1055608987808228,
      0.5141726136207581,
      0.44846752285957336,
      0.3765025734901428,
      0.35775989294052124,
      0.3191738724708557,
      0.310942679643631,
      0.28738537430763245,
      0.27932748198509216,
      0.26241329312324524,
      0.2825552225112915,
      0.26384681463241577,
      0.2568036913871765,
      0.2590573728084564,
      0.23638704419136047,
      0.20149508118629456,
      0.19646985828876495,
      0.1833111047744751,
      0.18502618372440338,
      0.17955423891544342
    ],
    "precision": [
      0.9071832299232483,
      0.9352384805679321,
      0.9397566318511963,
      0.9449396133422852,
      0.9503644108772278,
      0.9508421421051025,
      0.9494613409042358,
      0.9562756419181824,
      0.9579111337661743,
      0.9579193592071533,
      0.9545630812644958,
      0.955962598323822,
      0.9580174684524536,
      0.962912380695343,
      0.9602096080780029,
      0.9639325141906738,
      0.9675173759460449,
      0.9668861627578735,
      0.9707704186439514,
      0.966350793838501
    ],
    "recall": [
      0.64449542760849,
      0.8694571852684021,
      0.9004204869270325,
      0.9118883609771729,
      0.9222095012664795,
      0.9279434084892273,
      0.9264143705368042,
      0.9363532066345215,
      0.9396024346351624,
      0.939793586730957,
      0.9396024346351624,
      0.9376911520957947,
      0.9420871734619141,
      0.9428516626358032,
      0.9455274939537048,
      0.9501146674156189,
      0.9564220309257507,
      0.9543195962905884,
      0.9585244655609131,
      0.9550840854644775
    ],
    "top3_accuracy": [
      0.9279434084892273,
      0.9866207838058472,
      0.9908257126808167,
      0.992928147315979,
      0.9944571852684021,
      0.995221734046936,
      0.995221734046936,
      0.9963685274124146,
      0.9956039786338806,
      0.997706413269043,
      0.9959862232208252,
      0.9971330165863037,
      0.997706413269043,
      0.9963685274124146,
      0.9980886578559875,
      0.9980886578559875,
      0.9980886578559875,
      0.9992354512214661,
      0.9975152611732483,
      0.9984709620475769
    ],
    "val_accuracy": [
      0.8651341199874878,
      0.8896551728248596,
      0.8950191736221313,
      0.9019157290458679,
      0.9026820063591003,
      0.9042145609855652,
      0.9141762256622314,
      0.9111111164093018,
      0.9042145609855652,
      0.9111111164093018,
      0.9080459475517273,
      0.9126436710357666,
      0.9042145609855652,
      0.9003831148147583,
      0.9164751172065735,
      0.9264367818832397,
      0.9226053357124329,
      0.921072781085968,
      0.9164751172065735,
      0.9256705045700073
    ],
    "val_loss": [
      0.47149330377578735,
      0.3453889787197113,
      0.3114829957485199,
      0.29424992203712463,
      0.30419036746025085,
      0.2951314151287079,
      0.2802494466304779,
      0.29777100682258606,
      0.28378376364707947,
      0.2533217966556549,
      0.2742651402950287,
      0.2727515697479248,
      0.3109436631202698,
      0.3327237367630005,
      0.29287540912628174,
      0.2740134000778198,
      0.2752784490585327,
      0.25946980714797974,
      0.2940373718738556,
      0.2759319543838501
    ],
    "val_precision": [
      0.9193262457847595,
      0.9275000095367432,
      0.9275244474411011,
      0.9358766078948975,
      0.9332260489463806,
      0.9316720366477966,
      0.9322168827056885,
      0.9300476908683777,
      0.9216772317886353,
      0.9336493015289307,
      0.9328536987304688,
      0.9298660159111023,
      0.9243028163909912,
      0.921241044998169,
      0.9292452931404114,
      0.9352574348449707,
      0.9409449100494385,
      0.9372056722640991,
      0.9326018691062927,
      0.9345794320106506
    ],
    "val_recall": [
      0.7946360111236572,
      0.8528735637664795,
      0.8727969527244568,
      0.8835248947143555,
      0.8888888955116272,
      0.8881226181983948,
      0.8957854509353638,
      0.8965517282485962,
      0.8927202820777893,
      0.90574711561203,
      0.8942528963088989,
      0.9042145609855652,
      0.8888888955116272,
      0.8873563408851624,
      0.90574711561203,
      0.9187739491462708,
      0.9157088398933411,
      0.9149425029754639,
      0.9118773937225342,
      0.9195402264595032
    ],
    "val_top3_accuracy": [
      0.9724137783050537,
      0.9793103337287903,
      0.9777777791023254,
      0.9800766110420227,
      0.9777777791023254,
      0.9808428883552551,
      0.984674334526062,
      0.9793103337287903,
      0.9869731664657593,
      0.984674334526062,
      0.9816091656684875,
      0.9862068891525269,
      0.9777777791023254,
      0.9777777791023254,
      0.9793103337287903,
      0.9816091656684875,
      0.9831417798995972,
      0.9862068891525269,
      0.9831417798995972,
      0.9839080572128296
    ],
    "learning_rate": [
      0.0010000000474974513,
      0.0010000000474974513,
      0.0010000000474974513,
      0.0010000000474974513,
      0.0010000000474974513,
      0.0010000000474974513,
      0.0010000000474974513,
      0.0010000000474974513,
      0.0010000000474974513,
      0.0010000000474974513,
      0.0010000000474974513,
      0.0010000000474974513,
      0.0010000000474974513,
      0.0010000000474974513,
      0.0010000000474974513,
      0.0005000000237487257,
      0.0005000000237487257,
      0.0005000000237487257,
      0.0005000000237487257,
      0.0005000000237487257
    ]
  },
  "phase2": {
    "accuracy": [
      0.7387232184410095,
      0.8402140736579895,
      0.8814984560012817,
      0.9113149642944336,
      0.9151375889778137,
      0.9248853325843811,
      0.9300458431243896,
      0.9357798099517822,
      0.9375,
      0.9396024346351624,
      0.9413226246833801,
      0.9390290379524231,
      0.9443807601928711,
      0.949923574924469,
      0.9483944773674011,
      0.9480122327804565,
      0.949923574924469,
      0.9512614607810974,
      0.9512614607810974,
      0.9491590261459351,
      0.9525994062423706,
      0.9510703086853027,
      0.9568042755126953,
      0.9537461996078491,
      0.9573776721954346,
      0.9589067101478577,
      0.9608180522918701,
      0.9589067101478577,
      0.9585244655609131,
      0.9604358077049255
    ],
    "loss": [
      0.6470300555229187,
      0.4839915633201599,
      0.4142158329486847,
      0.35674968361854553,
      0.34117594361305237,
      0.3527403771877289,
      0.30530643463134766,
      0.2637133002281189,
      0.2868238091468811,
      0.2658705711364746,
      0.26426464319229126,
      0.27385950088500977,
      0.25498974323272705,
      0.2282431572675705,
      0.2428002804517746,
      0.23090650141239166,
      0.23934154212474823,
      0.23970958590507507,
      0.23818339407444,
      0.22582538425922394,
      0.23000314831733704,
      0.21225829422473907,
      0.22537486255168915,
      0.22835958003997803,
      0.20248928666114807,
      0.19404330849647522,
      0.20281082391738892,
      0.20070071518421173,
      0.19354698061943054,
      0.18441984057426453
    ],