{
    "accuracy": [
        0.7637614607810974,
        0.885129988193512,
        0.9080657362937927,
        0.9206804037094116,
        0.9224005937576294,
        0.9266055226325989,
        0.9260321259498596,
        0.9306192398071289,
        0.9336773753166199,
        0.9371177554130554,
        0.9315749406814575,
        0.9382645487785339,
        0.9376911520957947,
        0.9350152611732483,
        0.9346330165863037,
        0.9409403800964355,
        0.9420871734619141,
        0.9350152611732483,
        0.9315749406814575,
        0.9353975653648376,
        0.9461008906364441,
        0.9520260095596313,
        0.953937292098999,
        0.9503058195114136,
        0.9529816508293152,
        0.9556574821472168,
        0.9558486342430115,
        0.9520260095596313,
        0.9535550475120544,
        0.9524082541465759
    ],
    "val_accuracy": [
        0.875095784664154,
        0.8727969527244568,
        0.8881226181983948,
        0.8858237266540527,
        0.9019157290458679,
        0.9026820063591003,
        0.9019157290458679,
        0.9042145609855652,
        0.9111111164093018,
        0.9088122844696045,
        0.9111111164093018,
        0.8927202820777893,
        0.9126436710357666,
        0.9172413945198059,
        0.9172413945198059,
        0.9126436710357666,
        0.8973180055618286,
        0.9065133929252625,
        0.9111111164093018,
        0.9065133929252625,
        0.9141762256622314,
        0.913409948348999,
        0.9126436710357666,
        0.9157088398933411,
        0.9065133929252625,
        0.8957854509353638,
        0.8973180055618286,
        0.9164751172065735,
        0.9126436710357666,
        0.9080459475517273
    ],
    "loss": [
        1.5494132041931152,
        0.9668277502059937,
        0.85272216796875,
        0.7706812024116516,
        0.7075320482254028,
        0.6792502999305725,
        0.6680973172187805,
        0.6162131428718567,
        0.604897141456604,
        0.5807240605354309,
        0.5796499848365784,
        0.5527881383895874,
        0.5673529505729675,
        0.5365244150161743,
        0.5810908675193787,
        0.538692057132721,
        0.5116264820098877,
        0.5705372095108032,
        0.5849705934524536,
        0.5619171261787415,
        0.49399396777153015,
        0.4671371877193451,
        0.4492199718952179,
        0.43055328726768494,
        0.4207793176174164,
        0.406523734331131,
        0.4106921851634979,
        0.42090141773223877,
        0.4114780128002167,
        0.41328275203704834
    ],
    "val_loss": [
        0.8440695405006409,
        0.7768436074256897,
        0.69416743516922,
        0.6740962862968445,
        0.6206180453300476,
        0.5830335021018982,
        0.5803776979446411,
        0.5831090211868286,
        0.5433813333511353,
        0.5335370302200317,
        0.5296205282211304,
        0.5663192868232727,
        0.5205166339874268,
        0.502929151058197,
        0.4957435429096222,
        0.5351371765136719,
        0.553047239780426,
        0.5209361910820007,
        0.5346322655677795,
        0.5548304915428162,
        0.5011349320411682,
        0.48208194971084595,
        0.4892428517341614,
        0.4835152328014374,
        0.4773528575897217,
        0.5000004768371582,
        0.4894843101501465,
        0.4522479176521301,
        0.44903621077537537,
        0.4499281942844391
    ]
}